<?xml version="1.0" encoding="utf-8" standalone="yes"?>
<window>
	<depth>0.52</depth>
	<coordinates>
		<left>0</left>
		<top>0</top>
	</coordinates>
	<controls>
		<!-- CLOSE BUTTON / BACKGROUND -->
		<control type="button">
			<left>0</left>
			<top>0</top>
			<width>100%</width>
			<height>100%</height>
			<texturefocus colordiffuse="FF232323">white.png</texturefocus>
			<texturenofocus colordiffuse="FF232323">white.png</texturenofocus>
			<animation effect="fade" time="200">WindowOpen</animation>
			<animation effect="fade" time="200">WindowClose</animation>
			<onclick>Action(close)</onclick>
		</control>
		<!-- GROUP CONTROLS -->
		<control type="group">
			<left>0</left>
			<top>0</top>
			<animation type="WindowOpen" reversible="false">
				<effect type="slide" start="0,100" end="0,0" delay="160" time="160" />
				<effect type="fade" delay="160" end="100" time="100" />
			</animation>
			<animation type="WindowClose" reversible="false">
				<effect type="slide" start="0,0" end="0,100" delay="160" time="160" />
				<effect type="fade" delay="160" start="100" end="0" time="100" />
			</animation>

			<!-- BACKGROUND -->
			<control type="image" id='30000'>
				<width>1280</width>
				<height>720</height>
				<texture colordiffuse="FF555555"></texture>
			</control>

			<!-- LOADING -->
			<control type="image" id='30011'>
				<top>355</top>
				<left>490</left>
				<width>300</width>
				<height>10</height>
				<texture>white.png</texture>
				<animation effect="zoom" pulse ="true" center="auto" start="0,100" end="100,100" time="1000" condition="Control.IsVisible(30011)">Conditional</animation>
			</control>

			<control type="grouplist">
				<top>75</top>
				<orientation>vertical</orientation>
				<defaultcontrol>30500</defaultcontrol>
				<width>1280</width>
				<height>570</height>
				<onup>30007</onup>
				<scrolltime tween="cubic" easing="out">300</scrolltime>

				<!-- RECOMMENDATIONS -->
				<control type="wraplist" id="30500">
					<width>100%</width>
					<height>570</height>
					<viewtype>wrap</viewtype>
					<orientation>horizontal</orientation>
					<scrolltime tween="cubic" easing="out">300</scrolltime>
					<itemlayout height="570" width="180">
						<!-- Poster -->
						<control type="image">
							<top>300</top>
							<left>0</left>
							<width>180</width>
							<height>270</height>
							<texture>$INFO[ListItem.Property(thumbnail)]</texture>
							<aspectratio>scale</aspectratio>
							<bordersize>10</bordersize>
						</control>
					</itemlayout>
					<focusedlayout height="570" width="380">
						<!-- Title -->
						<control type="textbox">
							<left>400</left>
							<top>10</top>
							<width>840</width>
							<height>30</height>
							<font>font13</font>
							<textcolor>FFFFFFFF</textcolor>
							<shadowcolor>00000000</shadowcolor>
							<label>[B]$INFO[ListItem.Label] [COLOR FFAAAAAA] $INFO[ListItem.Property(year)][/COLOR][/B] </label>
							<align>left</align>
							<aligny>center</aligny>
						</control>
						<!-- Plot -->
						<control type="textbox">
							<left>400</left>
							<top>70</top>
							<width>840</width>
							<height>190</height>
							<font>font13</font>
							<textcolor>FFFFFFFF</textcolor>
							<shadowcolor>00000000</shadowcolor>
							<label>$INFO[ListItem.Property(plot)]</label>
							<autoscroll time="3000" delay="3000" repeat="3000">True</autoscroll>
							<align>left</align>
						</control>
						<!-- Poster -->
						<control type="image">
							<top>0</top>
							<left>0</left>
							<width>380</width>
							<height>570</height>
							<texture>$INFO[ListItem.Property(thumbnail)]</texture>
							<aspectratio>scale</aspectratio>
							<bordersize>10</bordersize>
						</control>
					</focusedlayout>
				</control>
				<!-- Actors -->
				<control type="wraplist" id="30501">
					<width>1280</width>
					<height>570</height>
					<viewtype>wrap</viewtype>
					<orientation>horizontal</orientation>
					<scrolltime tween="cubic" easing="out">300</scrolltime>
					<itemlayout height="570" width="180">
						<!-- Poster -->
						<control type="image">
							<top>300</top>
							<left>0</left>
							<width>180</width>
							<height>270</height>
							<texture>$INFO[ListItem.Property(thumbnail)]</texture>
							<aspectratio>scale</aspectratio>
							<bordersize>10</bordersize>
						</control>
					</itemlayout>
					<focusedlayout height="570" width="380">
						<!-- Title -->
						<control type="textbox">
							<left>400</left>
							<top>10</top>
							<width>840</width>
							<height>30</height>
							<font>font13</font>
							<textcolor>FFFFFFFF</textcolor>
							<shadowcolor>00000000</shadowcolor>
							<label>[B]$INFO[ListItem.Property(title)][/B] </label>
							<align>left</align>
							<aligny>center</aligny>
						</control>
						<!-- Tagline -->
						<control type="textbox">
							<left>400</left>
							<top>50</top>
							<width>840</width>
							<height>30</height>
							<font>font13</font>
							<textcolor>FFFFFFFF</textcolor>
							<shadowcolor>00000000</shadowcolor>
							<label>[B]$INFO[ListItem.Property(job)][/B]</label>
							<align>left</align>
						</control>
						<!-- Plot -->
						<control type="textbox">
							<left>400</left>
							<top>90</top>
							<width>830</width>
							<height>180</height>
							<font>font13</font>
							<textcolor>FFFFFFFF</textcolor>
							<shadowcolor>00000000</shadowcolor>
							<label>$INFO[ListItem.Property(bio)]</label>
                            <autoscroll delay="3000" time="2000" repeat="3000"></autoscroll>
							<align>left</align>
						</control>
						<!-- Poster -->
						<control type="image">
							<top>0</top>
							<left>0</left>
							<width>380</width>
							<height>570</height>
							<texture>$INFO[ListItem.Property(thumbnail)]</texture>
							<aspectratio>scale</aspectratio>
							<bordersize>10</bordersize>
						</control>
					</focusedlayout>
				</control>
				<!-- CAST -->
				<control type="wraplist" id="30502">
					<width>1280</width>
					<height>570</height>
					<viewtype>wrap</viewtype>
					<orientation>horizontal</orientation>
					<scrolltime tween="cubic" easing="out">300</scrolltime>
					<itemlayout height="570" width="180">
						<!-- Background -->
						<control type="image">
							<top>300</top>
							<left>0</left>
							<width>180</width>
							<height>270</height>
							<texture colordiffuse="FF232323">white.png</texture>
							<aspectratio>scale</aspectratio>
							<bordersize>10</bordersize>
						</control>
						<!-- Poster -->
						<control type="image">
							<top>300</top>
							<left>0</left>
							<width>180</width>
							<height>270</height>
							<texture>$INFO[ListItem.Property(thumbnail)]</texture>
							<aspectratio>scale</aspectratio>
							<bordersize>10</bordersize>
						</control>
						<!-- DEPARTMENT -->
						<control type="textbox">
							<visible>String.IsEmpty(ListItem.Property(thumbnail))</visible>
							<left>10</left>
							<top>300</top>
							<width>160</width>
							<height>270</height>
							<font>font13</font>
							<textcolor>FFFFFFFF</textcolor>
							<label>[B]$INFO[ListItem.Property(department)][/B]</label>
                            <autoscroll delay="3000" time="2000" repeat="3000"></autoscroll>
							<align>center</align>
							<aligny>center</aligny>
						</control>
					</itemlayout>
					<focusedlayout height="570" width="380">
						<!-- Title -->
						<control type="textbox">
							<left>400</left>
							<top>10</top>
							<width>840</width>
							<height>30</height>
							<font>font13</font>
							<textcolor>FFFFFFFF</textcolor>
							<shadowcolor>00000000</shadowcolor>
							<label>[B]$INFO[ListItem.Property(title)][/B] </label>
							<align>left</align>
							<aligny>center</aligny>
						</control>
						<!-- Tagline -->
						<control type="textbox">
							<left>400</left>
							<top>50</top>
							<width>840</width>
							<height>30</height>
							<font>font13</font>
							<textcolor>FFFFFFFF</textcolor>
							<shadowcolor>00000000</shadowcolor>
							<label>[B]$INFO[ListItem.Property(job)][/B]</label>
							<align>left</align>
						</control>
						<!-- Plot -->
						<control type="textbox">
							<left>400</left>
							<top>90</top>
							<width>830</width>
							<height>180</height>
							<font>font13</font>
							<textcolor>FFFFFFFF</textcolor>
							<shadowcolor>00000000</shadowcolor>
							<label>$INFO[ListItem.Property(bio)]</label>
                            <autoscroll delay="3000" time="2000" repeat="3000"></autoscroll>
							<align>left</align>
						</control>
						<!-- Background -->
						<control type="image">
							<top>0</top>
							<left>0</left>
							<width>380</width>
							<height>570</height>
							<texture colordiffuse="FF232323">white.png</texture>
							<aspectratio>scale</aspectratio>
							<bordersize>10</bordersize>
						</control>
						<!-- Poster -->
						<control type="image">
							<top>0</top>
							<left>0</left>
							<width>380</width>
							<height>570</height>
							<texture>$INFO[ListItem.Property(thumbnail)]</texture>
							<aspectratio>scale</aspectratio>
							<bordersize>10</bordersize>
						</control>
						<!-- Department -->
						<control type="textbox">
							<visible>String.IsEmpty(ListItem.Property(thumbnail))</visible>
							<left>0</left>
							<top>0</top>
							<width>380</width>
							<height>570</height>
							<font>font13</font>
							<textcolor>FFFFFFFF</textcolor>
							<label>$INFO[ListItem.Property(department)]</label>
                            <autoscroll delay="3000" time="2000" repeat="3000"></autoscroll>
							<align>center</align>
							<aligny>center</aligny>
						</control>
					</focusedlayout>
				</control>
			</control>

			<control type="group">
				<top>25</top>
				<right>25</right>
				<height>50</height>
				<width>300</width>
                <visible allowhiddenfocus="true">Control.HasFocus(30500) | Control.HasFocus(30006) | Control.HasFocus(30007) | Control.HasFocus(30008) | Control.HasFocus(30013)</visible>
				<control type="image">
					<width>50</width>
					<height>50</height>
					<texture >Infoplus/tmdb.png</texture>
				</control>
				<control type="textbox" id="30006">
					<top>0</top>
					<left>60</left>
					<width>40</width>
					<height>50</height>
					<textcolor>FFFFFFFF</textcolor>
					<shadowcolor>00000000</shadowcolor>
					<font>font13</font>
					<label></label>
					<align>left</align>
					<aligny>center</aligny>
				</control>
				<control type="button" id="30007">
					<left>120</left>
					<width>50</width>
					<height>50</height>
					<texturenofocus colordiffuse="AAFFFFFF">Infoplus/trailer.png</texturenofocus>
					<texturefocus colordiffuse="FFFFFFFF">Infoplus/trailer.png</texturefocus>
					<ondown>30500</ondown>
					<onleft>30008</onleft>
					<onright>30013</onright>
				</control>
				<control type="button" id="30013">
					<left>180</left>
					<width>50</width>
					<height>50</height>
					<texturenofocus colordiffuse="AAFFFFFF">Infoplus/fanart.png</texturenofocus>
					<texturefocus colordiffuse="FFFFFFFF">Infoplus/fanart.png</texturefocus>
					<ondown>30500</ondown>
					<onleft>30007</onleft>
					<onright>30008</onright>
				</control>
				<control type="button" id="30008">
					<left>240</left>
					<width>50</width>
					<height>50</height>
					<texturenofocus colordiffuse="AAFFFFFF">Infoplus/search.png</texturenofocus>
					<texturefocus colordiffuse="FFFFFFFF">Infoplus/search.png</texturefocus>
					<ondown>30500</ondown>
					<onleft>30013</onleft>
					<onright>30007</onright>
				</control>
			</control>
		</control> <!-- GROUP CONTROLS END -->
	</controls>
</window>
